Date,Index,Open,High,Low,Close,Volume,date_diff,Return,Volatility,z_return,z_volatility,Anomaly
2023-01-02,CAC40,1001.64,1004.9,998.99,1001.74,440686.0,,,0.005916009,-0.05970033,-0.4758703,False
2023-01-03,CAC40,998.83,1006.71,994.86,998.08,416463.0,1.0,-0.0036536455,0.011911261,-0.06408888,0.9128945,False
2023-01-04,CAC40,997.4,1004.78,991.12,1003.08,345144.0,1.0,0.005009651,0.013782422,-0.05368302,1.3463379,False
2023-01-05,CAC40,999.27,1006.17,997.81,1002.38,978499.0,1.0,-0.0006978512,0.008378334,-0.06053855,0.09451281,False
2023-01-06,CAC40,1002.39,1005.52,995.61,1003.64,776999.0,1.0,0.001257062,0.009953732,-0.058190417,0.45944434,False
2023-01-09,CAC40,1002.58,1004.56,1000.25,999.92,295784.0,3.0,-0.0037065148,0.0043089204,-0.06415238,-0.848143,False
2023-01-10,CAC40,1001.83,1004.3,1001.65,1000.53,876505.0,1.0,0.00061011314,0.002645598,-0.058967493,-1.2334418,False
2023-01-11,CAC40,1005.68,1006.99,997.61,1006.04,431119.0,1.0,0.0055069923,0.009402477,-0.053085644,0.33174947,False
2023-01-12,CAC40,1000.62,1003.37,994.79,1004.69,263244.0,1.0,-0.0013418794,0.008624953,-0.061312117,0.15164062,False
2023-01-13,CAC40,1004.35,1007.71,1000.68,1002.68,552413.0,1.0,-0.00200063,0.007025252,-0.062103372,-0.21892072,False
2023-01-16,CAC40,1001.6,1001.72,997.54,1002.28,201158.0,3.0,-0.00039887428,0.004190301,-0.060179435,-0.8756205,False
2023-01-17,CAC40,1002.25,1008.11,1001.24,1005.8,898009.0,1.0,0.0035119057,0.006861487,-0.055482026,-0.25685596,False
2023-01-18,CAC40,1003.89,1006.61,998.15,1001.41,963731.0,1.0,-0.004364729,0.008475641,-0.06494299,0.11705328,False
2023-01-19,CAC40,1000.16,1002.01,995.08,1005.17,906608.0,1.0,0.003754735,0.0069642565,-0.055190355,-0.23304999,False
2023-01-20,CAC40,999.39,1003.24,999.08,998.35,163972.0,1.0,-0.006784916,0.004163804,-0.067849986,-0.88175833,False
2023-01-23,CAC40,1001.61,1015.85,999.46,1000.87,583007.0,3.0,0.0025241375,0.016398808,-0.05666848,1.9524083,False
2023-01-24,CAC40,997.43,1003.17,993.96,997.92,534219.0,1.0,-0.0029474497,0.009265927,-0.06324064,0.30011836,False
2023-01-25,CAC40,1000.57,1009.26,999.68,1000.1,382140.0,1.0,0.0021845102,0.009583084,-0.05707642,0.37358597,False
2023-01-26,CAC40,995.73,997.54,993.89,996.9,725210.0,1.0,-0.003199637,0.0036724017,-0.06354355,-0.99558884,False
2023-01-27,CAC40,997.63,1003.23,993.5,996.25,973030.0,1.0,-0.0006520748,0.009793639,-0.060483564,0.42235985,False
2023-01-30,CAC40,1000.92,1007.4,1000.49,998.12,660219.0,3.0,0.0018770695,0.00690665,-0.0574457,-0.2463942,False
2023-01-31,CAC40,992.87,998.67,987.51,995.81,748456.0,1.0,-0.0023143291,0.0113011245,-0.06248017,0.77155995,False
2023-02-01,CAC40,996.29,998.63,981.68,999.36,266782.0,1.0,0.0035649538,0.017266331,-0.05541831,2.153365,False
2023-02-02,CAC40,997.61,999.34,995.43,995.43,223099.0,1.0,-0.0039325356,0.003927985,-0.06442387,-0.9363844,False
2023-02-03,CAC40,995.51,995.74,990.99,995.46,658981.0,1.0,3.015995e-05,0.0047931867,-0.0596641,-0.73596555,False
2023-02-06,CAC40,996.77,999.15,984.95,994.03,208944.0,3.0,-0.0014365315,0.014416988,-0.06142581,1.4933314,False
2023-02-07,CAC40,993.66,994.05,988.62,989.75,848943.0,1.0,-0.0043057203,0.0054924972,-0.064872116,-0.5739744,False
2023-02-08,CAC40,995.42,1001.84,992.33,994.87,0.0,1.0,0.005172968,0.009583515,-0.053486854,0.37368584,False
2023-02-09,CAC40,994.34,999.32,984.05,999.47,903806.0,1.0,0.0046236515,0.015517524,-0.054146662,1.7482642,False
2023-02-10,CAC40,996.69,999.16,996.59,995.92,347572.0,1.0,-0.0035518408,0.0025787398,-0.063966595,-1.2489291,False
2023-02-13,CAC40,996.69,1002.05,990.62,993.72,443615.0,3.0,-0.0022090077,0.0115382215,-0.062353663,0.82648206,False
2023-02-14,CAC40,996.28,998.42,995.37,995.08,670201.0,1.0,0.0013686419,0.003064175,-0.058056396,-1.1364809,False
2023-02-15,CAC40,994.77,1002.27,987.89,995.64,297097.0,1.0,0.00056278706,0.014556281,-0.05902434,1.5255978,False
2023-02-16,CAC40,993.56,997.81,990.33,995.63,930948.0,1.0,-1.0073185e-05,0.007553018,-0.05971243,-0.09666682,False
2023-02-17,CAC40,994.49,996.24,990.5,993.0,712084.0,1.0,-0.0026415586,0.005795043,-0.062873214,-0.5038914,False
2023-02-20,CAC40,994.93,996.67,992.51,996.37,388213.0,3.0,0.0033937693,0.0041913665,-0.055623926,-0.87537366,False
2023-02-21,CAC40,993.5,995.11,988.74,995.78,184811.0,1.0,-0.00059211254,0.006442538,-0.06041154,-0.35390303,False
2023-02-22,CAC40,992.97,1003.35,992.35,993.82,290121.0,1.0,-0.0019683242,0.011084799,-0.062064566,0.7214494,False
2023-02-23,CAC40,995.21,997.12,987.09,991.93,857180.0,1.0,-0.0019017458,0.010161148,-0.0619846,0.5074912,False
2023-02-24,CAC40,993.0,995.15,991.38,991.29,480172.0,1.0,-0.0006452203,0.0038027996,-0.06047533,-0.9653829,False
2023-02-27,CAC40,991.34,996.49,990.08,993.34,663466.0,3.0,0.0020680428,0.006474197,-0.057216313,-0.34656942,False
2023-02-28,CAC40,994.57,995.76,993.11,993.35,919253.0,1.0,1.001358e-05,0.0026684098,-0.0596883,-1.2281576,False
2023-03-01,CAC40,991.23,992.53,983.42,991.34,554151.0,1.0,-0.0020233989,0.0092636375,-0.06213072,0.29958808,False
2023-03-02,CAC40,987.67,988.65,983.26,990.6,641287.0,1.0,-0.0007464886,0.0054817796,-0.06059697,-0.5764571,False
2023-03-03,CAC40,988.25,988.61,987.86,990.47,555738.0,1.0,-0.00013124943,0.0007592169,-0.05985798,-1.6704109,False
2023-03-06,CAC40,985.81,985.99,984.91,992.65,400856.0,3.0,0.0022010803,0.0010965642,-0.057056516,-1.5922663,False
2023-03-07,CAC40,988.39,985.99,972.42,986.61,295623.0,1.0,-0.00608474,0.013954883,-0.06700897,1.3862876,False
2023-03-08,CAC40,990.18,990.44,988.69,987.21,795532.0,1.0,0.0006082058,0.001770019,-0.058969785,-1.4362645,False
2023-03-09,CAC40,993.84,997.51,990.08,990.82,395866.0,1.0,0.003656745,0.0075044367,-0.055308055,-0.107920446,False
2023-03-10,CAC40,989.38,989.78,987.25,988.83,897057.0,1.0,-0.002008438,0.0025627038,-0.06211275,-1.2526438,False
2023-03-13,CAC40,988.61,989.01,982.87,989.4,298237.0,3.0,0.0005764961,0.0062470264,-0.059007876,-0.39919212,False
2023-03-14,CAC40,990.32,1000.32,989.76,989.15,631147.0,1.0,-0.0002526641,0.010669251,-0.060003813,0.6251902,False
2023-03-15,CAC40,983.57,988.15,976.37,987.54,735274.0,1.0,-0.0016276836,0.012065128,-0.06165541,0.948537,False
2023-03-16,CAC40,989.07,990.8,984.48,991.58,856942.0,1.0,0.0040910244,0.00641964,-0.05478642,-0.3592072,False
2023-03-17,CAC40,991.17,996.16,987.83,986.43,383983.0,1.0,-0.00519377,0.00843258,-0.065938786,0.10707854,False
2023-03-20,CAC40,987.61,1002.09,978.24,988.91,389360.0,3.0,0.002514124,0.024380557,-0.056680504,3.8013337,True
2023-03-21,CAC40,992.01,1002.45,986.61,989.52,939385.0,1.0,0.0006169081,0.016055003,-0.058959335,1.8727679,False
2023-03-22,CAC40,990.09,1002.45,987.85,986.13,577697.0,1.0,-0.0034258962,0.01477961,-0.06381532,1.5773306,False
2023-03-23,CAC40,988.91,994.46,982.51,989.39,553809.0,1.0,0.003305912,0.0121627385,-0.055729456,0.9711478,False
2023-03-24,CAC40,991.99,997.19,991.65,994.04,149522.0,1.0,0.0046998262,0.005586626,-0.054055165,-0.55217,False
2023-03-27,CAC40,994.78,997.85,990.52,990.28,330233.0,3.0,-0.0037825108,0.007400109,-0.06424367,-0.13208733,False
2023-03-28,CAC40,990.42,995.69,988.0,990.52,498102.0,1.0,0.00024235249,0.007783403,-0.059409227,-0.043299496,False
2023-03-29,CAC40,989.45,992.56,985.21,986.43,473393.0,1.0,-0.0041291714,0.0074603134,-0.06466005,-0.11814134,False
2023-03-30,CAC40,986.83,996.4,983.62,986.52,107485.0,1.0,9.1314316e-05,0.012992852,-0.059590645,1.1634388,False
2023-03-31,CAC40,986.87,987.82,981.72,987.82,524671.0,1.0,0.0013177395,0.0062136217,-0.058117535,-0.40693012,False
2023-04-03,CAC40,991.58,992.67,989.91,989.29,867344.0,3.0,0.0014880896,0.0027881423,-0.05791292,-1.2004223,False
2023-04-04,CAC40,988.14,992.49,986.12,992.41,212701.0,1.0,0.003153801,0.0064596552,-0.055912163,-0.34993792,False
2023-04-05,CAC40,991.0,993.48,986.22,991.97,307352.0,1.0,-0.00044333935,0.0073614507,-0.06023284,-0.1410423,False
2023-04-06,CAC40,990.26,991.01,988.14,988.99,726926.0,1.0,-0.003004074,0.0029044417,-0.06330865,-1.1734822,False
2023-04-07,CAC40,991.53,993.35,981.22,991.06,284514.0,1.0,0.0020930767,0.012362166,-0.057186242,1.017344,False
2023-04-10,CAC40,991.6,1003.62,986.26,991.93,545093.0,3.0,0.0008778572,0.017601835,-0.058645897,2.2310824,False
2023-04-11,CAC40,994.54,994.83,994.42,994.75,898658.0,1.0,0.0028429031,0.000412335,-0.056285594,-1.750764,False
2023-04-12,CAC40,991.41,992.42,984.35,995.59,717693.0,1.0,0.0008444786,0.008198312,-0.05868599,0.052811593,False
2023-04-13,CAC40,993.46,992.42,993.06,991.97,909020.0,1.0,-0.0036360621,-0.0006444874,-0.06406776,-1.9955708,False
2023-04-14,CAC40,989.42,994.95,987.16,989.76,310048.0,1.0,-0.0022278428,0.007891364,-0.062376287,-0.018290909,False
2023-04-17,CAC40,991.31,997.25,986.0,989.69,787069.0,3.0,-7.075071e-05,0.011409736,-0.05978531,0.79671925,False
2023-04-18,CAC40,993.04,996.24,990.9,991.82,137019.0,1.0,0.0021522045,0.0053890054,-0.057115223,-0.59794766,False
2023-04-19,CAC40,993.5,999.22,992.57,992.92,361497.0,1.0,0.001109004,0.0066997423,-0.058368254,-0.29432315,False
2023-04-20,CAC40,990.24,998.4,985.31,994.06,689421.0,1.0,0.0011481047,0.013285186,-0.05832129,1.2311561,False
2023-04-21,CAC40,991.83,997.56,985.9,989.94,821818.0,1.0,-0.004144609,0.011826729,-0.064678594,0.8933132,False
2023-04-24,CAC40,992.58,994.1,979.64,989.23,0.0,3.0,-0.0007172227,0.014760484,-0.060561817,1.5729002,False
2023-04-25,CAC40,991.06,994.1,988.16,990.53,258598.0,1.0,0.0013141632,0.006011175,-0.05812183,-0.4538257,False
2023-04-26,CAC40,995.46,995.78,993.83,990.04,752873.0,1.0,-0.00049471855,0.0019621185,-0.060294557,-1.3917657,False
2023-04-27,CAC40,989.64,991.29,988.67,995.37,545414.0,1.0,0.0053836107,0.00265002,-0.053233843,-1.2324176,False
2023-04-28,CAC40,987.89,989.5,986.13,987.17,869460.0,1.0,-0.008238137,0.0034173944,-0.06959551,-1.0546598,False
2023-05-01,CAC40,986.32,988.43,984.63,990.25,592750.0,3.0,0.0031200647,0.0038593053,-0.055952683,-0.9522937,False
2023-05-02,CAC40,993.79,1001.86,992.31,994.84,929827.0,1.0,0.004635215,0.009623996,-0.05413277,0.383063,False
2023-05-03,CAC40,992.43,994.7,991.59,991.14,517247.0,1.0,-0.0037192106,0.0031363622,-0.06416763,-1.1197592,False
2023-05-04,CAC40,990.48,991.7,983.89,990.21,568758.0,1.0,-0.0009382963,0.0079378765,-0.060827356,-0.007516653,False
2023-05-05,CAC40,991.67,996.49,986.63,990.39,0.0,1.0,0.00018179417,0.0099936,-0.059481967,0.46867955,False
2023-05-08,CAC40,988.95,994.9,983.25,990.84,474743.0,3.0,0.0004544258,0.011848487,-0.0591545,0.8983532,False
2023-05-09,CAC40,997.06,1003.2,990.48,994.92,125939.0,1.0,0.0041177273,0.012842291,-0.05475435,1.1285621,False
2023-05-10,CAC40,991.73,994.72,991.14,987.05,253939.0,1.0,-0.007910192,0.003611958,-0.0692016,-1.0095903,False
2023-05-11,CAC40,991.36,994.87,980.75,994.21,886635.0,1.0,0.0072540045,0.01439714,-0.050987232,1.4887336,False
2023-05-12,CAC40,992.2,993.69,989.16,994.21,915495.0,1.0,0.0,0.004579673,-0.05970033,-0.7854247,False
2023-05-15,CAC40,990.25,997.13,983.76,988.75,715168.0,3.0,-0.005491793,0.013590708,-0.066296756,1.3019286,False
2023-05-16,CAC40,990.03,990.78,989.92,988.73,628036.0,1.0,-2.026558e-05,0.00086880394,-0.05972467,-1.6450257,False
2023-05-17,CAC40,988.26,988.89,983.27,991.02,336094.0,1.0,0.0023161173,0.0057156174,-0.05691834,-0.5222899,False
2023-05-18,CAC40,990.79,991.66,988.27,986.65,479413.0,1.0,-0.004409611,0.0034301896,-0.064996906,-1.0516958,False
2023-05-19,CAC40,993.38,993.46,988.27,990.54,967196.0,1.0,0.003942609,0.0052516037,-0.05496469,-0.62977594,False
2023-05-22,CAC40,990.89,996.37,988.16,992.25,251956.0,3.0,0.0017263889,0.008308394,-0.057626687,0.07831152,False
2023-05-23,CAC40,990.97,998.17,989.77,985.05,256255.0,1.0,-0.0072562695,0.008486783,-0.06841615,0.11963434,False
2023-05-24,CAC40,986.41,994.39,984.58,987.82,564462.0,1.0,0.002812028,0.009963636,-0.05632268,0.46173868,False
2023-05-25,CAC40,984.66,988.89,982.7,985.31,994468.0,1.0,-0.002540946,0.0062989746,-0.062752366,-0.38715863,False
2023-05-26,CAC40,986.22,991.18,981.61,987.32,0.0,1.0,0.0020400286,0.009749297,-0.057249963,0.41208825,False
2023-05-29,CAC40,986.99,997.76,978.91,986.92,791319.0,3.0,-0.00040513277,0.019256148,-0.060186952,2.6142945,False
2023-05-30,CAC40,990.95,994.15,989.34,987.48,526673.0,1.0,0.0005674362,0.0048618247,-0.059018757,-0.72006595,False
2023-05-31,CAC40,985.55,992.17,979.47,989.91,447823.0,1.0,0.0024608374,0.012966209,-0.056744512,1.157267,False
2023-06-01,CAC40,992.25,1000.46,984.65,992.8,225829.0,1.0,0.0029194355,0.016056463,-0.05619367,1.8731061,False
2023-06-02,CAC40,988.8,993.85,983.81,988.74,228216.0,1.0,-0.004089415,0.0102052,-0.0646123,0.5176955,False
2023-06-05,CAC40,986.35,989.79,984.19,988.64,690189.0,3.0,-0.00010108948,0.0056899334,-0.05982175,-0.5282394,False
2023-06-06,CAC40,985.15,996.41,983.13,984.59,867674.0,1.0,-0.004096508,0.013507846,-0.06462082,1.2827339,False
2023-06-07,CAC40,983.93,988.84,983.81,985.32,275607.0,1.0,0.0007413626,0.0051128054,-0.058809847,-0.66192776,False
2023-06-08,CAC40,991.35,992.97,986.83,990.64,509319.0,1.0,0.005399227,0.006221896,-0.053215083,-0.40501344,False
2023-06-09,CAC40,991.35,1002.15,988.03,992.48,722334.0,1.0,0.0018573999,0.014291058,-0.057469327,1.4641606,False
2023-06-12,CAC40,987.23,998.68,981.33,990.52,452156.0,3.0,-0.001974821,0.017680062,-0.06207237,2.2492032,False
2023-06-13,CAC40,987.18,994.13,981.25,989.15,702566.0,1.0,-0.0013831258,0.01312612,-0.06136166,1.1943095,False
2023-06-14,CAC40,987.93,996.16,985.61,988.6,374535.0,1.0,-0.00055611134,0.010704019,-0.060368296,0.633244,False
2023-06-15,CAC40,993.09,998.2,992.08,987.25,202476.0,1.0,-0.0013655424,0.006168852,-0.06134054,-0.41730076,False
2023-06-16,CAC40,989.98,1002.18,988.56,991.71,482865.0,1.0,0.0045176744,0.013777611,-0.054273956,1.3452234,False
2023-06-19,CAC40,988.28,995.21,986.99,993.06,721825.0,3.0,0.0013612509,0.008328384,-0.058065273,0.08294206,False
2023-06-20,CAC40,989.89,992.71,986.96,989.48,967591.0,1.0,-0.0036050081,0.0058259703,-0.06403046,-0.4967273,False
2023-06-21,CAC40,991.24,994.21,988.86,990.84,281429.0,1.0,0.0013744831,0.0054103076,-0.058049377,-0.5930131,False
2023-06-22,CAC40,984.99,989.26,980.63,990.91,317980.0,1.0,7.05719e-05,0.00880047,-0.05961556,0.19229811,False
2023-06-23,CAC40,990.86,994.66,984.13,990.1,603551.0,1.0,-0.0008174181,0.010699773,-0.060682163,0.63226044,False
2023-06-26,CAC40,992.7,994.1,992.07,993.03,921935.0,3.0,0.0029593706,0.0020461946,-0.0561457,-1.37229,False
2023-06-27,CAC40,993.56,994.08,983.87,996.37,586675.0,1.0,0.003363371,0.01037741,-0.055660438,0.5575869,False
2023-06-28,CAC40,995.3,995.61,990.3,996.37,175403.0,1.0,0.0,0.005362009,-0.05970033,-0.60420114,False
2023-06-29,CAC40,993.96,997.73,990.57,990.99,688574.0,1.0,-0.005399585,0.007228134,-0.066186,-0.17192428,False
2023-06-30,CAC40,990.66,992.06,988.09,989.9,436986.0,1.0,-0.0010998845,0.004017823,-0.061021447,-0.915574,False
2023-07-03,CAC40,987.44,995.9,986.54,991.14,204927.0,3.0,0.0012526512,0.009487752,-0.058195714,0.35150287,False
2023-07-04,CAC40,994.86,995.36,993.11,989.35,901340.0,1.0,-0.0018060207,0.00226561,-0.061869618,-1.3214638,False
2023-07-05,CAC40,988.77,993.72,986.33,987.36,585833.0,1.0,-0.0020114183,0.007492374,-0.06211633,-0.11071465,False
2023-07-06,CAC40,989.16,994.67,985.98,991.77,543842.0,1.0,0.0044665337,0.008813568,-0.05433538,0.19533221,False
2023-07-07,CAC40,988.16,989.06,982.61,991.05,399372.0,1.0,-0.0007259846,0.006564163,-0.06057234,-0.32572928,False
2023-07-10,CAC40,990.15,997.11,988.11,988.56,123386.0,3.0,-0.002512455,0.0091082975,-0.062718146,0.2636045,False
2023-07-11,CAC40,988.69,993.28,987.48,985.24,277826.0,1.0,-0.0033584237,0.005873586,-0.06373428,-0.4856974,False
2023-07-12,CAC40,987.51,995.36,984.14,990.67,604158.0,1.0,0.005511284,0.011400787,-0.053080488,0.7946462,False
2023-07-13,CAC40,988.37,993.32,978.87,988.1,390446.0,1.0,-0.0025942326,0.014761932,-0.062816374,1.5732358,False
2023-07-14,CAC40,988.17,992.87,987.51,989.82,422959.0,1.0,0.001740694,0.0054277782,-0.057609506,-0.58896613,False
2023-07-17,CAC40,987.38,992.29,982.5,984.52,352156.0,3.0,-0.0053545237,0.009964354,-0.066131875,0.461905,False
2023-07-18,CAC40,988.34,989.47,982.81,991.56,949776.0,1.0,0.00715065,0.0067764604,-0.051111374,-0.27655184,False
2023-07-19,CAC40,988.38,991.13,987.77,985.74,-998035.0,1.0,-0.0058695674,0.0034015868,-0.06675052,-1.0583215,False
2023-07-20,CAC40,987.84,992.68,976.97,989.81,569450.0,1.0,0.004128933,0.016080353,-0.05474089,1.8786402,False
2023-07-21,CAC40,991.62,992.14,987.38,988.64,423258.0,1.0,-0.0011820197,0.004820849,-0.061120104,-0.72955775,False
2023-07-24,CAC40,984.09,990.76,981.41,987.48,348724.0,3.0,-0.001173377,0.009527147,-0.06110972,0.36062846,False
2023-07-25,CAC40,990.34,993.34,989.88,987.34,-301202.0,1.0,-0.00014173985,0.0034953954,-0.05987058,-1.0365913,False
2023-07-26,CAC40,989.32,990.92,987.66,988.2,125525.0,1.0,0.0008710623,0.003300741,-0.05865406,-1.0816817,False
2023-07-27,CAC40,983.21,991.17,982.25,987.57,179818.0,1.0,-0.0006375313,0.009081174,-0.060466096,0.25732142,False
2023-07-28,CAC40,986.97,989.17,983.42,988.82,214589.0,1.0,0.0012657642,0.0058469423,-0.058179963,-0.49186927,False
2023-07-31,CAC40,987.16,987.26,984.98,991.85,245406.0,3.0,0.0030642748,0.0023147976,-0.056019697,-1.3100698,False
2023-08-01,CAC40,985.43,988.2,982.87,985.12,719003.0,1.0,-0.0067852736,0.0054229116,-0.06785041,-0.5900935,False
2023-08-02,CAC40,986.01,987.13,984.71,990.8,293839.0,1.0,0.0057657957,0.0024575589,-0.052774783,-1.277,False
2023-08-03,CAC40,985.58,992.4,981.88,988.01,893076.0,1.0,-0.0028159022,0.01071416,-0.06308263,0.6355932,False
2023-08-04,CAC40,991.6,992.22,988.52,986.3,463298.0,1.0,-0.0017307997,0.0037429198,-0.061779264,-0.9792537,False
2023-08-07,CAC40,989.25,991.4,984.57,984.72,606453.0,3.0,-0.0016019344,0.006937056,-0.061624482,-0.23935087,False
2023-08-08,CAC40,991.79,992.4,986.36,988.87,357438.0,1.0,0.004214406,0.0061235647,-0.054638226,-0.42779133,False
2023-08-09,CAC40,991.16,993.88,988.48,991.56,929901.0,1.0,0.0027202368,0.005462958,-0.056432936,-0.580817,False
2023-08-10,CAC40,986.27,986.51,982.23,988.27,526903.0,1.0,-0.0033179522,0.0043574614,-0.06368566,-0.83689874,False
2023-08-11,CAC40,988.13,986.51,986.3,992.21,993041.0,1.0,0.0039867163,0.00021293924,-0.05491171,-1.7969528,False
2023-08-14,CAC40,989.19,992.7,980.0,985.31,545872.0,3.0,-0.006954193,0.012959196,-0.068053305,1.1556425,False
2023-08-15,CAC40,986.55,989.87,985.43,988.97,510591.0,1.0,0.0037145615,0.0045056497,-0.05523861,-0.8025718,False
2023-08-16,CAC40,991.58,998.59,989.83,987.65,607235.0,1.0,-0.0013346672,0.008850014,-0.061303455,0.20377459,False
2023-08-17,CAC40,988.85,997.6,988.76,987.65,613951.0,1.0,0.0,0.008940456,-0.05970033,0.22472508,False
2023-08-18,CAC40,989.55,995.77,988.03,992.07,427350.0,1.0,0.004475236,0.00783376,-0.05432493,-0.031634577,False
2023-08-21,CAC40,992.13,995.6,988.13,989.87,982894.0,3.0,-0.0022175908,0.007559704,-0.06236397,-0.09511806,False
2023-08-22,CAC40,992.42,996.01,984.34,986.32,791967.0,1.0,-0.0035862923,0.011855642,-0.064007975,0.90001076,False
2023-08-23,CAC40,992.71,997.18,987.44,993.83,707466.0,1.0,0.0076141357,0.00986388,-0.050554663,0.43863082,False
2023-08-24,CAC40,995.5,996.98,990.16,994.06,799746.0,1.0,0.00023138523,0.0068877833,-0.0594224,-0.25076458,False
2023-08-25,CAC40,990.27,996.51,985.52,993.24,878754.0,1.0,-0.0008249283,0.011151463,-0.060691185,0.7368917,False
2023-08-28,CAC40,992.77,996.14,984.22,994.01,539503.0,3.0,0.000775218,0.012111158,-0.05876918,0.9591995,False
2023-08-29,CAC40,991.91,993.31,991.39,988.58,186724.0,1.0,-0.005462706,0.0019366575,-0.06626182,-1.3976637,False
2023-08-30,CAC40,990.03,994.21,989.18,992.01,853492.0,1.0,0.0034695864,0.0050850497,-0.055532858,-0.6683572,False
2023-08-31,CAC40,991.64,1002.37,991.29,993.37,196393.0,1.0,0.0013709068,0.011177372,-0.058053672,0.74289346,False
2023-09-01,CAC40,988.76,994.7,982.95,987.71,700600.0,1.0,-0.005697727,0.011953812,-0.066544116,0.9227512,False
2023-09-04,CAC40,993.94,995.49,989.3,992.73,961756.0,3.0,0.005082369,0.006256952,-0.053595677,-0.39689294,False
2023-09-05,CAC40,991.74,994.9,990.54,991.1,695484.0,1.0,-0.0016419291,0.0044016866,-0.06167252,-0.82665426,False
2023-09-06,CAC40,992.51,994.58,987.64,993.4,694302.0,1.0,0.0023206472,0.0070268544,-0.0569129,-0.21854955,False
2023-09-07,CAC40,995.39,996.32,992.89,993.99,501426.0,1.0,0.0005939007,0.0034545546,-0.05898697,-1.0460517,False
2023-09-08,CAC40,994.61,995.25,993.66,995.04,766282.0,1.0,0.0010563135,0.001600172,-0.058431543,-1.4756086,False
2023-09-11,CAC40,993.82,994.04,988.82,995.29,529505.0,3.0,0.00025129318,0.0052789897,-0.05939849,-0.62343216,False
2023-09-12,CAC40,992.67,993.4,979.15,995.85,622313.0,1.0,0.00056266785,0.014553439,-0.059024483,1.5249394,False
2023-09-13,CAC40,995.92,1000.74,992.53,992.54,133340.0,1.0,-0.0033237934,0.008271751,-0.06369268,0.06982341,False
2023-09-14,CAC40,992.63,1003.69,989.36,993.02,401994.0,1.0,0.0004836321,0.014484128,-0.05911942,1.508884,False
2023-09-15,CAC40,998.48,1001.27,989.33,996.33,596915.0,1.0,0.003333211,0.012068776,-0.055696666,0.949382,False
2023-09-18,CAC40,991.52,998.37,988.97,993.39,737999.0,3.0,-0.0029508471,0.009504863,-0.063244715,0.35546657,False
2023-09-19,CAC40,999.55,999.99,992.68,997.49,839538.0,1.0,0.004127264,0.0073639015,-0.054742895,-0.14047459,False
2023-09-20,CAC40,996.51,1009.41,995.82,997.01,111094.0,1.0,-0.0004811883,0.013647011,-0.060278304,1.3149706,False
2023-09-21,CAC40,995.05,999.06,990.28,991.79,974391.0,1.0,-0.005235672,0.008866147,-0.06598912,0.20751178,False
2023-09-22,CAC40,992.63,1000.83,984.57,992.37,892173.0,1.0,0.0005848408,0.016514834,-0.05899785,1.9792851,False
2023-09-25,CAC40,994.08,1002.46,987.5,995.67,735873.0,3.0,0.0033253431,0.015149389,-0.055706117,1.6629878,False
2023-09-26,CAC40,994.06,996.83,985.86,992.17,565590.0,1.0,-0.0035152435,0.011127373,-0.063922636,0.7313115,False
2023-09-27,CAC40,996.55,999.4,992.84,993.42,610491.0,1.0,0.001259923,0.0066073057,-0.05818698,-0.31573555,False
2023-09-28,CAC40,993.33,1001.47,992.95,994.03,484708.0,1.0,0.00061404705,0.008580451,-0.05896277,0.14133193,False
2023-09-29,CAC40,993.58,995.47,985.57,994.84,168798.0,1.0,0.0008149147,0.010044911,-0.058721498,0.4805655,False
2023-10-02,CAC40,992.93,993.95,991.7,993.16,301604.0,3.0,-0.0016887784,0.0022688312,-0.061728794,-1.3207176,False
2023-10-03,CAC40,992.66,995.57,988.45,991.58,210130.0,1.0,-0.001590848,0.007203192,-0.061611164,-0.177702,False
2023-10-04,CAC40,993.55,998.62,982.69,995.78,908596.0,1.0,0.0042356253,0.016210599,-0.054612737,1.9088109,False
2023-10-05,CAC40,989.57,992.81,988.69,996.47,790955.0,1.0,0.0006928444,0.004167125,-0.05886812,-0.880989,False
2023-10-06,CAC40,989.15,995.27,988.53,993.8,130257.0,1.0,-0.0026794672,0.006818195,-0.06291875,-0.26688433,False
2023-10-09,CAC40,993.69,993.86,990.93,992.37,507427.0,3.0,-0.0014389157,0.0029568109,-0.061428674,-1.1613512,False
2023-10-10,CAC40,993.11,996.96,992.89,991.15,982421.0,1.0,-0.0012293458,0.004099152,-0.06117695,-0.8967346,False
2023-10-11,CAC40,993.48,994.65,985.0,992.19,152691.0,1.0,0.0010492802,0.009796979,-0.058439992,0.4231335,False
2023-10-12,CAC40,994.94,1002.72,991.82,995.95,0.0,1.0,0.0037896633,0.010989861,-0.0551484,0.6994575,False
2023-10-13,CAC40,994.22,995.87,993.25,994.36,518829.0,1.0,-0.0015965104,0.0026378003,-0.061617967,-1.2352481,False
2023-10-16,CAC40,991.51,995.67,987.79,995.39,638314.0,3.0,0.0010359287,0.007977409,-0.05845603,0.0016408834,False
2023-10-17,CAC40,991.54,1001.51,984.94,994.4,849450.0,1.0,-0.0009945631,0.016823366,-0.06089494,2.0507548,False
2023-10-18,CAC40,994.01,995.88,990.95,990.61,393052.0,1.0,-0.0038113594,0.0049750167,-0.06427832,-0.6938457,False
2023-10-19,CAC40,992.17,998.31,991.99,996.23,643898.0,1.0,0.0056732893,0.0063710394,-0.052885897,-0.37046525,False
2023-10-20,CAC40,998.8,1004.85,996.65,995.99,277718.0,1.0,-0.00024092197,0.008227513,-0.05998971,0.059575975,False
2023-10-23,CAC40,995.15,1003.51,991.69,997.79,598357.0,3.0,0.0018072128,0.011919054,-0.057529606,0.91469973,False
2023-10-24,CAC40,1001.75,1003.84,994.72,1000.19,425329.0,1.0,0.0024052858,0.009168466,-0.056811236,0.27754208,False
2023-10-25,CAC40,1001.59,1005.11,1001.17,1004.63,958999.0,1.0,0.0044391155,0.003935398,-0.054368317,-0.9346672,False
2023-10-26,CAC40,1001.81,1002.09,994.28,1007.51,278646.0,1.0,0.002866745,0.007854927,-0.056256957,-0.026731342,False
2023-10-27,CAC40,1002.94,1005.74,994.28,1002.19,618420.0,1.0,-0.0052803755,0.011525889,-0.06604281,0.8236253,False
2023-10-30,CAC40,1005.07,1005.45,1004.66,1001.37,322123.0,3.0,-0.00081819296,0.00078637456,-0.060683094,-1.6641201,False
2023-10-31,CAC40,1002.99,1005.69,995.71,-5010.15,595236.0,1.0,-6.0032954,0.010022979,-7.270517,0.47548512,True
2023-11-01,CAC40,997.05,1001.65,995.5,1002.5,922614.0,1.0,-1.2000939,0.0061778245,-1.5011846,-0.41522235,False
2023-11-02,CAC40,997.68,998.53,993.92,999.6,591006.0,1.0,-0.0028927922,0.004638247,-0.063174985,-0.77185637,False
2023-11-03,CAC40,999.08,1006.14,997.48,1003.92,643576.0,1.0,0.0043216944,0.008681913,-0.054509357,0.164835,False
2023-11-06,CAC40,1002.69,1003.25,995.99,1003.1,965256.0,3.0,-0.00081682205,0.0072892397,-0.060681447,-0.15776956,False
2023-11-07,CAC40,1001.81,1006.33,992.43,1001.77,708713.0,1.0,-0.0013258457,0.01400605,-0.061292857,1.3981401,False
2023-11-08,CAC40,1000.01,1003.68,999.43,1002.79,100917.0,1.0,0.0010181665,0.004252424,-0.058477364,-0.86123,False
2023-11-09,CAC40,1000.22,1003.68,999.42,1000.69,962034.0,1.0,-0.0020941496,0.0042624823,-0.0622157,-0.85890007,False
2023-11-10,CAC40,997.86,1003.32,994.51,1001.05,951007.0,1.0,0.00035977364,0.008858631,-0.059268188,0.20577079,False
2023-11-13,CAC40,999.24,1002.29,998.17,999.23,958950.0,3.0,-0.0018181205,0.0041275485,-0.06188415,-0.8901567,False
2023-11-14,CAC40,997.71,1003.18,993.95,999.41,877475.0,1.0,0.00018012524,0.0092861615,-0.05948397,0.30480564,False
2023-11-15,CAC40,997.6,999.18,996.01,997.25,139104.0,1.0,-0.0021612644,0.0031826817,-0.062296316,-1.1090295,False
2023-11-16,CAC40,996.03,999.18,992.05,999.61,773422.0,1.0,0.0023665428,0.007187143,-0.056857772,-0.18141966,False
2023-11-17,CAC40,997.46,998.17,992.08,1000.97,379143.0,1.0,0.0013605356,0.006138583,-0.05806613,-0.42431235,False
2023-11-20,CAC40,1000.79,1012.39,1000.68,999.6,362091.0,3.0,-0.0013686419,0.011702064,-0.061344262,0.8644353,False
2023-11-21,CAC40,997.0,998.97,987.49,1002.25,555061.0,1.0,0.0026510954,0.011625415,-0.056515984,0.84667987,False
2023-11-22,CAC40,1004.21,1005.17,1003.91,998.93,503157.0,1.0,-0.0033125281,0.0012551023,-0.06367915,-1.555542,False
2023-11-23,CAC40,999.28,1000.83,995.74,999.63,685457.0,1.0,0.0007007122,0.0051118033,-0.058858674,-0.66215986,False
2023-11-24,CAC40,1000.81,1001.47,993.24,998.25,254542.0,1.0,-0.0013805032,0.008285994,-0.06135851,0.07312265,False
2023-11-27,CAC40,999.35,1000.12,990.34,1000.3,229744.0,3.0,0.0020536184,0.009875364,-0.05723364,0.44129086,False
2023-11-28,CAC40,1000.45,1003.99,992.53,1000.44,997116.0,1.0,0.0001399517,0.01154621,-0.059532225,0.82833266,False
2023-11-29,CAC40,998.08,1002.87,996.75,1000.93,159821.0,1.0,0.00048983097,0.00613995,-0.05911197,-0.42399576,False
2023-11-30,CAC40,998.82,1002.74,996.27,997.98,317741.0,1.0,-0.0029472709,0.006494194,-0.063240424,-0.34193724,False
2023-12-01,CAC40,1004.54,1011.2,996.64,999.28,349265.0,1.0,0.0013027191,0.0146090835,-0.058135577,1.5378292,False
2023-12-04,CAC40,998.44,1007.62,993.96,995.6,537651.0,3.0,-0.0036827326,0.013742981,-0.06412382,1.3372016,False
2023-12-05,CAC40,1000.81,1003.35,998.4,997.8,497745.0,1.0,0.0022097826,0.0049578836,-0.057046063,-0.69781446,False
2023-12-06,CAC40,997.61,1003.13,996.88,1000.8,314127.0,1.0,0.0030065775,0.006269561,-0.056089,-0.3939721,False
2023-12-07,CAC40,999.82,1010.58,991.76,1001.04,374336.0,1.0,0.00023984909,0.018976372,-0.059412234,2.549486,False
2023-12-08,CAC40,1002.23,1004.17,997.74,999.69,436246.0,1.0,-0.0013485551,0.0064445576,-0.061320137,-0.3534352,False
2023-12-11,CAC40,997.1,1009.56,995.76,998.45,303834.0,3.0,-0.0012403727,0.013858749,-0.06119019,1.3640186,False
2023-12-12,CAC40,1001.5,1001.53,997.05,997.89,858826.0,1.0,-0.0005608797,0.0044932966,-0.060374025,-0.80543333,False
2023-12-13,CAC40,998.64,1002.83,987.88,995.9,186795.0,1.0,-0.0019941926,0.015133429,-0.06209564,1.6592908,False
2023-12-14,CAC40,997.86,998.27,994.27,1000.39,265159.0,1.0,0.0045084953,0.004023052,-0.054284982,-0.9143627,False
2023-12-15,CAC40,1000.66,1001.15,999.6,1000.24,428821.0,1.0,-0.00014996529,0.0015506691,-0.059880458,-1.4870757,False
2023-12-18,CAC40,1000.08,1001.15,995.14,999.12,759987.0,3.0,-0.0011197329,0.006039361,-0.06104529,-0.4472966,False
2023-12-19,CAC40,1000.29,1001.75,999.64,998.0,343877.0,1.0,-0.0011209846,0.0021107453,-0.06104679,-1.3573374,False
2023-12-20,CAC40,998.03,999.37,997.65,996.87,-299298.0,1.0,-0.0011322498,0.0017240221,-0.06106032,-1.4469194,False
2023-12-21,CAC40,1000.75,1002.36,999.63,1004.4,598843.0,1.0,0.0075536966,0.002730991,-0.050627258,-1.2136611,False
2023-12-22,CAC40,1000.19,1003.53,996.94,999.73,812793.0,1.0,-0.0046495795,0.0066102543,-0.06528514,-0.31505254,False
2023-12-25,CAC40,1000.05,1005.01,999.21,998.48,236285.0,3.0,-0.0012503266,0.005804573,-0.06120215,-0.50168383,False
2023-12-26,CAC40,1002.71,1003.59,1000.5,1002.86,202412.0,1.0,0.0043866634,0.0030884827,-0.05443132,-1.1308502,False
2023-12-27,CAC40,1001.12,1004.9,995.66,999.98,643692.0,1.0,-0.0028718114,0.009280328,-0.06314979,0.30345428,False
2023-12-28,CAC40,998.53,1001.22,991.48,1003.33,216545.0,1.0,0.0033501387,0.009823688,-0.055676334,0.42932054,False
2023-12-29,CAC40,1002.74,1007.23,1002.25,1003.21,518596.0,1.0,-0.00011962652,0.0049688006,-0.059844017,-0.6952856,False
2024-01-01,CAC40,1002.27,1002.42,1002.18,1002.42,322128.0,3.0,-0.00078749657,0.0002394682,-0.060646225,-1.7908076,False
2024-01-02,CAC40,1002.11,1002.16,998.57,998.26,774533.0,1.0,-0.004149914,0.0035951068,-0.064684965,-1.0134937,False
2024-01-03,CAC40,999.91,1005.34,998.75,1000.18,808387.0,1.0,0.0019233227,0.0065982747,-0.057390142,-0.31782752,False
2024-01-04,CAC40,998.4,1000.77,993.63,997.25,910421.0,1.0,-0.002929449,0.007185788,-0.06321902,-0.18173355,False
2024-01-05,CAC40,997.39,997.52,995.96,995.74,885945.0,1.0,-0.0015141964,0.0015663254,-0.061519094,-1.483449,False
2024-01-08,CAC40,995.09,999.18,992.02,995.51,470250.0,3.0,-0.000230968,0.0072175693,-0.059977755,-0.17437159,False
2024-01-09,CAC40,993.54,1000.49,991.73,993.31,386663.0,1.0,-0.0022099614,0.008833059,-0.062354807,0.19984713,False
2024-01-10,CAC40,996.29,999.08,990.57,996.25,881163.0,1.0,0.0029598475,0.008591023,-0.056145128,0.14378095,False
2024-01-11,CAC40,995.41,995.46,994.86,992.93,908871.0,1.0,-0.0033324957,0.0006031368,-0.063703135,-1.706566,False
2024-01-12,CAC40,995.66,1002.22,995.5,992.42,480714.0,1.0,-0.0005136132,0.006750347,-0.06031725,-0.28260085,False
2024-01-15,CAC40,995.66,999.33,992.97,993.52,114995.0,3.0,0.001108408,0.006405074,-0.058368973,-0.3625813,False
2024-01-16,CAC40,992.96,994.49,992.32,997.35,-123559.0,1.0,0.00385499,0.0021867773,-0.055069935,-1.339725,False
2024-01-17,CAC40,998.4,1001.44,988.99,995.03,621244.0,1.0,-0.0023261309,0.012588613,-0.062494345,1.0697991,False
2024-01-18,CAC40,996.22,997.16,993.48,999.37,451193.0,1.0,0.0043616295,0.0037041437,-0.054461386,-0.98823595,False
2024-01-19,CAC40,996.68,996.96,996.22,9942.5,498237.0,1.0,8.948768,0.0007428593,10.68905,-1.6742,True
2024-01-22,CAC40,995.84,998.48,995.04,992.37,722288.0,3.0,-0.9001891,0.00345715,-1.1409562,-1.0454506,False
2024-01-23,CAC40,996.04,998.48,990.9,993.75,776479.0,1.0,0.0013905764,0.007649567,-0.058030047,-0.07430186,False
2024-01-24,CAC40,997.26,999.69,990.93,997.85,544755.0,1.0,0.0041257143,0.00884019,-0.054744754,0.20149902,False
2024-01-25,CAC40,994.42,994.74,990.09,995.14,588051.0,1.0,-0.002715826,0.0046965056,-0.06296242,-0.75836116,False
2024-01-26,CAC40,995.26,1005.13,990.41,993.97,925782.0,1.0,-0.0011757612,0.014862564,-0.061112586,1.5965465,False
2024-01-29,CAC40,994.25,998.95,992.12,995.5,539439.0,3.0,0.0015393496,0.006884265,-0.057851348,-0.2515795,False
2024-01-30,CAC40,994.97,998.95,991.74,996.84,125517.0,1.0,0.0013461113,0.007270073,-0.058083456,-0.16220939,False
2024-01-31,CAC40,996.81,1002.85,987.93,999.66,571869.0,1.0,0.0028288364,0.015102267,-0.05630249,1.6520723,False
2024-02-01,CAC40,996.63,999.63,990.66,999.08,515466.0,1.0,-0.000580132,0.009054602,-0.060397148,0.25116625,False
2024-02-02,CAC40,996.63,1005.02,992.77,997.6,315558.0,1.0,-0.0014814138,0.012339212,-0.061479717,1.0120268,False
2024-02-05,CAC40,998.88,1004.97,993.88,993.72,576111.0,3.0,-0.0038893223,0.011158254,-0.06437196,0.73846483,False
2024-02-06,CAC40,994.43,995.49,991.07,995.39,975564.0,1.0,0.0016806126,0.004459809,-0.057681672,-0.8131905,False
2024-02-07,CAC40,996.43,1003.88,989.47,997.33,584282.0,1.0,0.0019489527,0.014563387,-0.057359356,1.527244,False
2024-02-08,CAC40,996.21,996.95,994.96,995.16,560014.0,1.0,-0.0021758676,0.0020000706,-0.062313855,-1.3829744,False
2024-02-09,CAC40,999.36,1001.04,997.91,994.55,547415.0,1.0,-0.00061297417,0.0031365603,-0.0604366,-1.1197133,False
2024-02-12,CAC40,996.65,999.71,995.35,996.94,617039.0,3.0,0.00240314,0.004380415,-0.056813814,-0.83158165,False
2024-02-13,CAC40,997.83,999.34,997.15,995.66,945978.0,1.0,-0.0012839437,0.0021962617,-0.06124253,-1.337528,False
2024-02-14,CAC40,992.2,994.14,988.15,995.24,621396.0,1.0,-0.00042182207,0.0060618226,-0.060207,-0.4420935,False
2024-02-15,CAC40,996.56,997.41,992.59,994.5,205686.0,1.0,-0.00074350834,0.0048559285,-0.06059339,-0.7214318,False
2024-02-16,CAC40,998.16,998.96,989.42,995.92,712439.0,1.0,0.0014278889,0.009642052,-0.05798523,0.38724568,False
2024-02-19,CAC40,995.85,995.87,989.33,993.84,365471.0,3.0,-0.0020884871,0.0066105123,-0.0622089,-0.31499276,False
2024-02-20,CAC40,998.72,1000.9,990.4,998.37,744606.0,1.0,0.0045580864,0.010601777,-0.054225415,0.60956013,False
2024-02-21,CAC40,995.86,1001.81,990.7,998.96,819778.0,1.0,0.00059103966,0.011214278,-0.058990404,0.75144243,False
2024-02-22,CAC40,1000.52,1005.27,994.89,994.01,587602.0,1.0,-0.0049551725,0.010433319,-0.0656522,0.5705379,False
2024-02-23,CAC40,1002.93,1010.36,997.48,996.48,798148.0,1.0,0.0024847984,0.012912544,-0.05671573,1.144836,False
2024-02-26,CAC40,996.78,1009.55,994.73,994.51,0.0,3.0,-0.0019769073,0.014898523,-0.062074877,1.604876,False
2024-02-27,CAC40,996.06,1000.73,990.53,995.65,313456.0,1.0,0.0011463165,0.010297468,-0.05832344,0.5390688,False
2024-02-28,CAC40,1000.6,1007.43,999.53,997.53,408974.0,1.0,0.0018882751,0.007903677,-0.057432238,-0.015438672,False
2024-02-29,CAC40,1001.46,1002.59,999.92,995.4,152446.0,1.0,-0.0021352768,0.0026702576,-0.0622651,-1.2277297,False
2024-03-01,CAC40,997.24,1003.09,993.34,996.44,508376.0,1.0,0.0010447502,0.00981537,-0.058445435,0.42739362,False
2024-03-04,CAC40,997.56,1006.57,991.01,996.39,811943.0,3.0,-5.018711e-05,0.01570115,-0.05976061,1.7908001,False
2024-03-05,CAC40,999.11,1001.82,992.14,1000.09,527214.0,1.0,0.0037133694,0.00975668,-0.05524004,0.4137984,False
2024-03-06,CAC40,996.4,1000.19,993.59,999.23,240148.0,1.0,-0.0008599758,0.006642554,-0.06073328,-0.3075705,False
2024-03-07,CAC40,997.8,1000.68,996.75,998.19,693629.0,1.0,-0.0010407567,0.0039428067,-0.060950425,-0.93295103,False
2024-03-08,CAC40,997.42,1010.38,989.01,999.78,131085.0,1.0,0.0015928745,0.02160746,-0.057787057,3.158962,True
2024-03-11,CAC40,997.68,1000.41,993.65,998.12,417715.0,3.0,-0.0016604066,0.0068031484,-0.061694715,-0.27036974,False
2024-03-12,CAC40,1000.24,1002.2,995.42,999.77,507931.0,1.0,0.0016530752,0.006811225,-0.05771475,-0.26849887,False
2024-03-13,CAC40,1001.61,1009.0,993.53,1004.48,624006.0,1.0,0.004711032,0.015570713,-0.054041706,1.7605851,False
2024-03-14,CAC40,1005.05,1005.97,998.88,1004.63,490452.0,1.0,0.00014936924,0.0070979153,-0.059520915,-0.20208873,False
2024-03-15,CAC40,1001.26,1001.34,998.3,1000.66,105750.0,1.0,-0.0039517283,0.003045216,-0.06444692,-1.1408726,False
2024-03-18,CAC40,1005.25,1008.14,1005.11,1004.94,440912.0,3.0,0.0042772293,0.0030146246,-0.054562762,-1.147959,False
2024-03-19,CAC40,1003.53,1004.13,1002.13,1005.58,611760.0,1.0,0.000636816,0.001995749,-0.058935422,-1.3839755,False
2024-03-20,CAC40,1003.55,1008.42,999.5,1001.35,135903.0,1.0,-0.004206598,0.008924445,-0.064753056,0.22101617,False
2024-03-21,CAC40,1005.32,1011.31,1003.2,1005.61,303561.0,1.0,0.004254222,0.0080841165,-0.0545904,0.026358983,False
2024-03-22,CAC40,1001.6,1002.39,999.23,1006.92,715324.0,1.0,0.0013027191,0.0031624692,-0.058135577,-1.1137116,False
2024-03-25,CAC40,1004.71,1004.84,1004.63,1001.7,712242.0,3.0,-0.005184114,0.00020905405,-0.06592719,-1.7978529,False
2024-03-26,CAC40,1004.87,1009.53,1002.14,1002.7,612493.0,1.0,0.0009982586,0.0073742336,-0.058501277,-0.13808122,False
2024-03-27,CAC40,1004.7,1006.92,1004.67,10057.5,527530.0,1.0,9.030417,0.0022395414,10.787123,-1.3275025,True
2024-03-28,CAC40,1006.39,1010.81,1004.21,100.635,541441.0,1.0,-0.98999405,0.006572306,-1.2488247,-0.323843,False
2024-03-29,CAC40,1009.71,1010.58,1009.17,1005.91,969446.0,1.0,8.995627,0.0013972217,10.745335,-1.5226208,True
2024-04-01,CAC40,1002.31,1010.87,1001.87,1004.27,528395.0,3.0,-0.0016303062,0.008983201,-0.061658558,0.2346267,False
2024-04-02,CAC40,1003.69,1010.55,1001.84,1005.53,741593.0,1.0,0.0012546778,0.008693964,-0.05819328,0.16762662,False
2024-04-03,CAC40,1004.29,1012.36,1003.0,1002.89,605633.0,1.0,-0.002625525,0.009331989,-0.06285396,0.3154213,False
2024-04-04,CAC40,1005.05,1012.41,997.06,1008.26,518554.0,1.0,0.0053545237,0.015395238,-0.05326878,1.7199373,False
2024-04-05,CAC40,1005.52,1006.56,1002.71,1009.13,585651.0,1.0,0.00086283684,0.0038395703,-0.05866394,-0.9568652,False
2024-04-08,CAC40,1009.16,1012.5,1007.68,1006.32,300753.0,3.0,-0.0027845502,0.004783272,-0.06304497,-0.7382623,False
2024-04-09,CAC40,1008.72,1013.92,1005.24,1005.8,132101.0,1.0,-0.00051677227,0.008634747,-0.060321044,0.1539093,False
2024-04-10,CAC40,1004.82,1007.84,1003.15,1002.9,102775.0,1.0,-0.0028832555,0.004675275,-0.063163534,-0.7632791,False
2024-04-11,CAC40,1003.62,1012.75,997.75,1006.31,735785.0,1.0,0.0034000874,0.015033826,-0.055616338,1.6362183,False
2024-04-12,CAC40,1007.2,1010.59,1005.35,1007.4,590399.0,1.0,0.0010831356,0.0052121663,-0.058399327,-0.63891137,False
2024-04-15,CAC40,1005.0,1007.44,1004.47,1005.98,145619.0,3.0,-0.0014095902,0.0029568148,-0.061393447,-1.1613503,False
2024-04-16,CAC40,1006.55,1017.34,1004.31,1007.53,352388.0,1.0,0.0015407801,0.012974111,-0.05784963,1.1590976,False
2024-04-17,CAC40,1005.37,1008.4,997.51,1004.29,512755.0,1.0,-0.0032158494,0.010917198,-0.06356303,0.6826256,False
2024-04-18,CAC40,1002.34,1006.05,996.71,1006.5,857634.0,1.0,0.0022006035,0.009370795,-0.05705709,0.3244106,False
2024-04-19,CAC40,1007.91,1009.4,1001.94,1002.77,943556.0,1.0,-0.0037059188,0.0074455775,-0.06415167,-0.121554814,False
2024-04-22,CAC40,1007.58,1014.09,1006.87,1003.94,165149.0,3.0,0.0011667013,0.0071707685,-0.058298953,-0.18521272,False
2024-04-23,CAC40,1003.01,1010.81,994.34,1003.88,126616.0,1.0,-5.978346e-05,0.016563721,-0.059772138,1.9906095,False
2024-04-24,CAC40,1003.7,1003.86,992.55,1004.93,846055.0,1.0,0.0010459423,0.01139489,-0.058444,0.7932802,False
2024-04-25,CAC40,1004.54,1008.31,1001.35,1003.23,285639.0,1.0,-0.001691699,0.0069506387,-0.0617323,-0.23620448,False
2024-04-26,CAC40,1004.54,1006.47,1001.66,1003.24,792459.0,1.0,1.001358e-05,0.0048020263,-0.0596883,-0.7339179,False
2024-04-29,CAC40,1005.05,1008.44,996.04,1005.38,306903.0,3.0,0.002133131,0.012449324,-0.057138134,1.0375336,False
2024-04-30,CAC40,1006.3,1016.37,1003.59,1001.41,331318.0,1.0,-0.0039488077,0.012734252,-0.06444341,1.1035355,False
2024-05-01,CAC40,1000.52,1001.21,996.58,997.66,948231.0,1.0,-0.0037447214,0.004645894,-0.06419828,-0.7700851,False
2024-05-02,CAC40,998.56,1000.39,996.58,1003.66,452365.0,1.0,0.0060141087,0.0038230724,-0.052476525,-0.96068674,False
2024-05-03,CAC40,997.19,998.11,996.35,1002.71,387623.0,1.0,-0.00094646215,0.0017664573,-0.060837165,-1.4370896,False
2024-05-06,CAC40,998.79,1005.53,996.43,997.67,461309.0,3.0,-0.0050264,0.00913264,-0.065737754,0.2692434,False
2024-05-07,CAC40,1001.66,1006.52,991.77,1003.11,155863.0,1.0,0.005452752,0.014872399,-0.05315079,1.5988247,False
2024-05-08,CAC40,1006.18,1012.18,1002.44,1001.58,0.0,1.0,-0.0015252233,0.009716283,-0.06153234,0.40444064,False
2024-05-09,CAC40,1001.39,1004.68,996.03,1002.96,969001.0,1.0,0.001377821,0.0086844405,-0.05804537,0.1654205,False
2024-05-10,CAC40,1002.86,1008.09,1001.66,1003.0,595654.0,1.0,3.9815903e-05,0.006419398,-0.059652504,-0.3592633,False
2024-05-13,CAC40,1001.37,1004.06,991.0,1000.94,603323.0,3.0,-0.0020538568,0.013178605,-0.062167305,1.2064672,False
2024-05-14,CAC40,1003.77,1009.69,999.17,999.82,508624.0,1.0,-0.001118958,0.010528758,-0.061044358,0.5926458,False
2024-05-15,CAC40,1006.15,1009.75,993.5,999.72,877635.0,1.0,-0.0001000762,0.016356315,-0.059820533,1.9425652,False
2024-05-16,CAC40,1000.36,1005.34,998.93,999.59,813340.0,1.0,-0.00012999773,0.0064169,-0.059856474,-0.35984188,False
2024-05-17,CAC40,999.62,1003.4,994.11,998.93,378495.0,1.0,-0.00066030025,0.009345082,-0.060493443,0.31845415,False
2024-05-20,CAC40,1003.2,1010.31,993.41,1000.98,235203.0,3.0,0.002052188,0.017012134,-0.057235356,2.0944817,False
2024-05-21,CAC40,1004.01,1011.52,997.86,1001.22,347908.0,1.0,0.00023972988,0.01368933,-0.05941238,1.3247737,False
2024-05-22,CAC40,1006.23,1007.85,1003.75,1003.9,931257.0,1.0,0.0026768446,0.0040846583,-0.056485057,-0.90009195,False
2024-05-23,CAC40,1004.11,1005.36,1001.78,1005.91,897781.0,1.0,0.00200212,0.0035735948,-0.057295498,-1.0184768,False
2024-05-24,CAC40,1002.91,1009.55,1002.38,1002.47,292003.0,1.0,-0.0034198165,0.007152959,-0.06380802,-0.18933822,False
2024-05-27,CAC40,1004.41,1007.19,991.19,1003.71,930686.0,3.0,0.0012370348,0.016142214,-0.05821447,1.8929698,False
2024-05-28,CAC40,1005.67,1007.95,998.16,1004.45,924657.0,1.0,0.00073730946,0.009808086,-0.058814716,0.42570633,False
2024-05-29,CAC40,1005.11,1015.93,1003.84,1004.41,597599.0,1.0,-3.9875507e-05,0.012043717,-0.059748225,0.94357723,False
2024-05-30,CAC40,1004.58,1007.8,1002.24,1003.72,374597.0,1.0,-0.00068694353,0.005547571,-0.060525447,-0.56121683,False
2024-05-31,CAC40,1004.92,1009.56,999.49,1004.28,774174.0,1.0,0.0005580187,0.010075145,-0.059030067,0.48756912,False
2024-06-03,CAC40,1005.15,1009.56,1004.66,1003.78,773623.0,3.0,-0.0004978776,0.0048772963,-0.06029835,-0.71648204,False
2024-06-04,CAC40,1006.08,1007.42,1004.54,1000.84,701982.0,1.0,-0.0029289126,0.0028669888,-0.06321837,-1.1821579,False
2024-06-05,CAC40,1006.06,1013.7,1004.1,1006.5,640023.0,1.0,0.0056551695,0.009560837,-0.05290766,0.3684327,False
2024-06-06,CAC40,1005.39,1013.7,1004.04,1007.5,934325.0,1.0,0.0009934902,0.009621165,-0.058507003,0.38240716,False
2024-06-07,CAC40,1008.17,1010.86,1006.45,1006.35,800033.0,1.0,-0.0011414886,0.004381711,-0.06107142,-0.8312814,False
2024-06-10,CAC40,1009.52,1014.88,1006.41,1007.19,844822.0,3.0,0.00083470345,0.008416085,-0.05869773,0.10325743,False
2024-06-11,CAC40,1006.35,1008.17,1004.5,1009.35,669354.0,1.0,0.0021445751,0.003653542,-0.057124387,-0.9999575,False
2024-06-12,CAC40,1008.9,1013.1,1007.02,1007.75,855675.0,1.0,-0.0015851259,0.0060375724,-0.06160429,-0.44771093,False
2024-06-13,CAC40,1009.57,1014.79,1009.42,1012.5,234445.0,1.0,0.004713416,0.0053198817,-0.05403884,-0.6139597,False
2024-06-14,CAC40,1009.6,1019.44,1003.97,1014.27,503551.0,1.0,0.0017482042,0.015408859,-0.057600483,1.7230924,False
2024-06-17,CAC40,1011.26,1021.54,1011.01,1007.13,897124.0,3.0,-0.007039547,0.010415296,-0.06815583,0.56636304,False
2024-06-18,CAC40,1008.49,1014.01,999.62,1005.35,669829.0,1.0,-0.0017674565,0.014395485,-0.061823297,1.4883503,False
2024-06-19,CAC40,1006.08,1007.18,999.77,1006.59,265129.0,1.0,0.0012334585,0.007411678,-0.05821877,-0.12940748,False
2024-06-20,CAC40,1002.74,1004.12,998.21,1006.9,691271.0,1.0,0.0003079176,0.005920571,-0.059330475,-0.47481364,False
2024-06-21,CAC40,1006.19,1007.73,1002.92,1004.24,774943.0,1.0,-0.002641797,0.004795993,-0.062873505,-0.73531544,False
2024-06-24,CAC40,1006.14,1010.22,1003.16,1007.76,253837.0,3.0,0.0035051107,0.0070377584,-0.05549019,-0.21602373,False
2024-06-25,CAC40,1009.52,1013.82,1002.65,1002.51,814647.0,1.0,-0.005209565,0.01114046,-0.06595776,0.734343,False
2024-06-26,CAC40,1006.45,1009.37,995.77,1008.45,971535.0,1.0,0.0059251785,0.013657748,-0.05258334,1.3174579,False
2024-06-27,CAC40,1008.46,1009.29,992.77,1006.81,835035.0,1.0,-0.0016262531,0.016640266,-0.061653692,2.0083408,False
2024-06-28,CAC40,1007.94,1009.35,992.77,1010.88,277597.0,1.0,0.004042506,0.016700702,-0.0548447,2.0223403,False
2024-07-01,CAC40,1009.7,1010.94,1008.58,1010.53,793590.0,3.0,-0.00034618378,0.0023399089,-0.060116146,-1.3042529,False
2024-07-02,CAC40,1006.84,1014.88,1006.57,1005.5,512736.0,1.0,-0.0049776435,0.008255757,-0.06567919,0.06611858,False
2024-07-03,CAC40,1006.27,1008.73,1004.84,1004.61,578454.0,1.0,-0.000885129,0.003871217,-0.060763493,-0.9495344,False
2024-07-04,CAC40,1008.76,1012.44,1006.16,1009.26,545150.0,1.0,0.0046286583,0.0062415814,-0.054140646,-0.40045342,False
2024-07-05,CAC40,1009.1,1012.41,1005.87,1007.95,387710.0,1.0,-0.0012979507,0.0065018125,-0.06125935,-0.34017244,False
2024-07-08,CAC40,1007.36,1013.23,1004.58,1008.16,959625.0,3.0,0.00020825863,0.008610527,-0.05945018,0.14829889,False
2024-07-09,CAC40,1006.93,1007.84,1006.48,1006.59,596440.0,1.0,-0.001557231,0.00135129,-0.061570786,-1.5332607,False
2024-07-10,CAC40,1010.04,1016.53,1009.06,1004.06,523350.0,1.0,-0.0025134683,0.007402961,-0.06271936,-0.13142665,False
2024-07-11,CAC40,1005.73,1007.73,1004.97,1007.75,503561.0,1.0,0.0036751032,0.0027463604,-0.055286005,-1.2101008,False
2024-07-12,CAC40,1009.29,1012.54,1008.31,1007.64,876372.0,1.0,-0.000109136105,0.0041951193,-0.059831418,-0.8745043,False
2024-07-15,CAC40,1006.02,1008.67,1000.36,1006.44,745303.0,3.0,-0.0011909008,0.008307007,-0.06113077,0.077990286,False
2024-07-16,CAC40,1009.22,1012.15,1006.25,1009.71,272257.0,1.0,0.0032490492,0.0058633783,-0.055797756,-0.48806196,False
2024-07-17,CAC40,1003.78,1009.98,989.08,1004.32,870824.0,1.0,-0.005338192,0.02113071,-0.06611226,3.0485258,True
2024-07-18,CAC40,1005.76,1005.87,1002.48,1008.5,324021.0,1.0,0.004161954,0.0033816283,-0.054701228,-1.0629447,False
2024-07-19,CAC40,1007.18,1008.73,1006.21,1005.87,755244.0,1.0,-0.0026078224,0.002504406,-0.0628327,-1.2661481,False
2024-07-22,CAC40,1010.18,1018.69,1010.09,1006.49,695032.0,3.0,0.00061643124,0.008514068,-0.058959905,0.12595473,False
2024-07-23,CAC40,1005.85,1007.06,1003.91,1007.56,395599.0,1.0,0.0010631084,0.003137756,-0.05842338,-1.1194363,False
2024-07-24,CAC40,1004.73,1017.74,999.11,1006.52,608433.0,1.0,-0.0010321736,0.0186466,-0.060940117,2.4730961,False
2024-07-25,CAC40,1009.72,1012.55,1004.99,1007.1,416363.0,1.0,0.0005762577,0.0075224605,-0.05900816,-0.10374532,False
2024-07-26,CAC40,1003.58,1012.38,999.71,1008.41,932423.0,1.0,0.0013008118,0.012673658,-0.058137868,1.0894994,False
2024-07-29,CAC40,1002.79,1006.56,1000.75,1006.52,697904.0,3.0,-0.0018742085,0.0058056433,-0.06195152,-0.50143594,False
2024-07-30,CAC40,1006.94,1008.85,1002.08,1004.84,711726.0,1.0,-0.0016691089,0.006755906,-0.06170517,-0.28131312,False
2024-07-31,CAC40,1003.52,1009.97,996.63,1002.36,216841.0,1.0,-0.0024681091,0.013385073,-0.06266488,1.2542944,False
2024-08-01,CAC40,1003.76,1007.13,1000.63,1004.16,764846.0,1.0,0.0017957687,0.0064959074,-0.057543352,-0.3415403,False
2024-08-02,CAC40,1007.55,1008.25,1003.24,1012.04,269934.0,1.0,0.007847309,0.00499383,-0.05027459,-0.68948776,False
2024-08-05,CAC40,1005.88,1012.0,1001.11,1007.88,877022.0,3.0,-0.0041104555,0.01087794,-0.06463757,0.6735317,False
2024-08-06,CAC40,1005.81,1006.86,1003.25,1004.24,683158.0,1.0,-0.0036115646,0.003598291,-0.06403834,-1.0127561,False
2024-08-07,CAC40,1004.5,1008.75,1000.87,1004.41,186694.0,1.0,0.00016927719,0.007873155,-0.059497003,-0.022508968,False
2024-08-08,CAC40,1009.98,1012.88,1007.4,1009.2,337068.0,1.0,0.0047689676,0.005439726,-0.053972118,-0.5861985,False
2024-08-09,CAC40,1009.6,1012.55,1006.4,1009.4,930288.0,1.0,0.00019824505,0.006110854,-0.05946221,-0.43073568,False
2024-08-12,CAC40,1010.17,1018.52,1008.01,1011.46,201407.0,3.0,0.002040863,0.010426493,-0.05724896,0.5689568,False
2024-08-13,CAC40,1015.81,1017.79,1011.81,1011.61,593960.0,1.0,0.00014829636,0.0059101814,-0.059522204,-0.4772203,False
2024-08-14,CAC40,1009.73,1015.71,1005.96,1011.62,655667.0,1.0,9.894371e-06,0.009692234,-0.059688445,0.39886993,False
2024-08-15,CAC40,1009.79,1012.01,1003.85,1013.5,951161.0,1.0,0.0018583536,0.008128739,-0.05746818,0.03669551,False
2024-08-16,CAC40,1012.1,1018.09,1008.56,1013.66,521594.0,1.0,0.0001578331,0.009449145,-0.05951075,0.34255975,False
2024-08-19,CAC40,1014.76,1017.81,1013.01,1010.42,336500.0,3.0,-0.003196299,0.004738342,-0.06353954,-0.74867,False
2024-08-20,CAC40,1014.38,1015.05,1009.03,1013.43,678641.0,1.0,0.002978921,0.0059660845,-0.056122217,-0.46427065,False
2024-08-21,CAC40,1014.09,1014.17,1013.96,1012.87,805356.0,1.0,-0.00055259466,0.00020707023,-0.060364075,-1.7983124,False
2024-08-22,CAC40,1016.34,1020.26,1011.93,1015.99,900463.0,1.0,0.003080368,0.008231811,-0.056000367,0.060571596,False
2024-08-23,CAC40,1011.37,1020.26,1010.56,1019.85,311144.0,1.0,0.0037992,0.00959865,-0.055136945,0.37719175,False
2024-08-26,CAC40,1015.58,1016.19,1011.86,1013.43,690270.0,3.0,-0.0062950253,0.004279265,-0.067261554,-0.8550124,False
2024-08-27,CAC40,1010.49,1012.59,1007.11,1010.03,136683.0,1.0,-0.003354907,0.0054413537,-0.06373005,-0.5858215,False
2024-08-28,CAC40,1010.49,1017.06,1011.9,1012.23,214091.0,1.0,0.002178073,0.0050992914,-0.05708415,-0.6650582,False
2024-08-29,CAC40,1011.79,1013.98,1007.83,1012.07,217797.0,1.0,-0.00015801191,0.0061021834,-0.059890125,-0.43274418,False
2024-08-30,CAC40,1013.52,1017.13,1011.98,1013.45,510834.0,1.0,0.0013635159,0.0050890576,-0.05806255,-0.6674288,False
2024-09-02,CAC40,1013.82,1015.68,1004.35,1013.89,630875.0,3.0,0.00043416023,0.0112809455,-0.05917884,0.76688564,False
2024-09-03,CAC40,1015.2,1023.84,1014.14,1018.42,424934.0,1.0,0.004467964,0.009564767,-0.054333664,0.3693429,False
2024-09-04,CAC40,1014.21,1016.21,1014.21,1010.67,393624.0,1.0,-0.007609844,0.0019719782,-0.06884084,-1.3894819,False
2024-09-05,CAC40,1013.88,1015.01,1009.8,1012.17,853890.0,1.0,0.0014841557,0.0051594595,-0.057917643,-0.6511206,False
2024-09-06,CAC40,1011.56,1016.22,1008.27,1009.32,775887.0,1.0,-0.0028157234,0.007884745,-0.06308241,-0.019824358,False
2024-09-09,CAC40,1012.97,1020.06,1008.28,1012.66,385713.0,3.0,0.0033091307,0.011683231,-0.05572559,0.86007273,False
2024-09-10,CAC40,1011.34,1020.14,1003.3,1009.68,897583.0,1.0,-0.002942741,0.016784638,-0.06323498,2.0417836,False
2024-09-11,CAC40,1012.33,1019.96,1008.52,1008.62,564310.0,1.0,-0.0010498166,0.011343357,-0.06096131,0.7813429,False
2024-09-12,CAC40,1008.01,1014.32,1004.16,1008.77,290246.0,1.0,0.0001487732,0.010117943,-0.05952163,0.49748302,False
2024-09-13,CAC40,1011.66,1014.42,1006.96,1010.01,669027.0,1.0,0.001229167,0.007408398,-0.05822392,-0.13016719,False
2024-09-16,CAC40,1008.65,1021.44,1004.5,1010.57,657242.0,3.0,0.0005544424,0.016864114,-0.059034362,2.0601935,False
2024-09-17,CAC40,1006.23,1009.05,1005.26,1006.6,868223.0,1.0,-0.0039284825,0.003770147,-0.064418994,-0.9729467,False
2024-09-18,CAC40,1008.41,1009.33,1007.09,1008.27,209373.0,1.0,0.0016590357,0.0022242204,-0.05770759,-1.3310515,False
2024-09-19,CAC40,1006.28,1013.99,996.26,1006.22,658988.0,1.0,-0.0020332336,0.017796539,-0.062142532,2.2761846,False
2024-09-20,CAC40,1008.26,1018.29,1005.09,1004.07,223728.0,1.0,-0.0021366477,0.013133103,-0.06226675,1.195927,False
2024-09-23,CAC40,1005.21,1015.52,999.02,1006.09,953220.0,3.0,0.002011776,0.016516186,-0.057283897,1.9795983,False
2024-09-24,CAC40,1006.58,1012.62,1006.28,1006.86,695333.0,1.0,0.00076532364,0.006300399,-0.058781065,-0.38682866,False
2024-09-25,CAC40,1002.71,1007.83,1001.32,1011.34,531058.0,1.0,0.0044494867,0.006501428,-0.05435586,-0.34026152,False
2024-09-26,CAC40,1006.09,1009.05,999.29,1007.86,769260.0,1.0,-0.0034410357,0.009766945,-0.063833505,0.41617623,False
2024-09-27,CAC40,1001.62,1005.51,995.07,1003.71,966491.0,1.0,-0.004117608,0.010491727,-0.06464616,0.58406776,False
2024-09-30,CAC40,1002.5,1005.26,987.4,1004.54,626169.0,3.0,0.00082683563,0.018087892,-0.05870718,2.3436747,False
2024-10-01,CAC40,1007.08,1011.17,1006.16,1007.61,907221.0,1.0,0.0030561686,0.004979337,-0.05602943,-0.6928449,False
2024-10-02,CAC40,1006.1,1006.12,997.1,1008.7,488227.0,1.0,0.0010818243,0.009046254,-0.058400903,0.24923241,False
2024-10-03,CAC40,1004.82,1005.68,998.63,1000.8,188059.0,1.0,-0.0078318715,0.0070596593,-0.069107525,-0.2109505,False
2024-10-04,CAC40,1000.84,1003.11,999.79,999.02,0.0,1.0,-0.001778543,0.0033207047,-0.06183661,-1.0770574,False
2024-10-07,CAC40,1004.65,1008.13,1002.19,1008.48,932583.0,3.0,0.009469271,0.005927022,-0.04832638,-0.47331926,False
2024-10-08,CAC40,1004.77,1009.55,1000.73,1005.56,542136.0,1.0,-0.0028954148,0.008813574,-0.06317814,0.19533351,False
2024-10-09,CAC40,1001.76,1002.2,996.89,1002.34,733676.0,1.0,-0.0032021403,0.005326563,-0.06354655,-0.61241204,False
2024-10-10,CAC40,1007.3,1014.68,1004.92,1005.36,298303.0,1.0,0.0030128956,0.009712226,-0.05608141,0.4035009,False
2024-10-11,CAC40,1005.93,1011.64,1003.41,998.91,611162.0,1.0,-0.0064156055,0.008202072,-0.067406386,0.053682733,False
2024-10-14,CAC40,1003.52,1004.48,998.21,1003.96,573573.0,3.0,0.0050555468,0.0062812017,-0.053627893,-0.3912756,False
2024-10-15,CAC40,1004.62,1008.21,990.83,1005.23,365406.0,1.0,0.0012649298,0.017540853,-0.058180965,2.2169564,False
2024-10-16,CAC40,1005.75,1015.08,1003.78,1007.18,429125.0,1.0,0.0019398928,0.011257434,-0.057370238,0.7614394,False
2024-10-17,CAC40,1000.71,1001.13,998.17,1002.77,181972.0,1.0,-0.004378557,0.002965449,-0.0649596,-1.1593503,False
2024-10-18,CAC40,1003.73,1004.34,1003.6,1004.39,-437629.0,1.0,0.0016155243,0.00073739665,-0.05775985,-1.6754655,False
2024-10-21,CAC40,1002.58,1010.15,993.74,1002.1,0.0,3.0,-0.0022800565,0.01651341,-0.062439002,1.978955,False
2024-10-22,CAC40,999.64,1002.8,996.17,1002.16,975931.0,1.0,5.9843063e-05,0.0066554956,-0.05962845,-0.30457264,False
2024-10-23,CAC40,999.57,1004.69,997.52,998.34,281890.0,1.0,-0.003811717,0.0071878084,-0.064278744,-0.18126552,False
2024-10-24,CAC40,1005.09,1014.36,1002.47,1000.68,369045.0,1.0,0.002343893,0.011860719,-0.056884978,0.9011867,False
2024-10-25,CAC40,1004.42,1010.53,1003.66,1001.15,217473.0,1.0,0.0004696846,0.0068450035,-0.05913617,-0.26067427,False
2024-10-28,CAC40,1001.75,1004.66,997.64,1004.2,592239.0,3.0,0.0030465126,0.007036565,-0.056041032,-0.21630019,False
2024-10-29,CAC40,1004.61,1005.75,999.01,1005.19,370741.0,1.0,0.0009858608,0.0067466693,-0.058516167,-0.28345278,False
2024-10-30,CAC40,1006.58,1011.38,1006.58,1003.31,491775.0,1.0,-0.0018702745,0.0047686105,-0.061946794,-0.7416585,False
2024-10-31,CAC40,1008.71,1010.57,1008.66,1006.94,623260.0,1.0,0.003618002,0.0018936354,-0.05535459,-1.4076295,False
2024-11-01,CAC40,1008.1,1013.54,1006.46,1005.08,950341.0,1.0,-0.0018471479,0.007034513,-0.06191902,-0.21677546,False
2024-11-04,CAC40,1006.56,1015.98,1005.78,1007.25,958823.0,3.0,0.0021589994,0.010141334,-0.05710706,0.5029012,False
2024-11-05,CAC40,1008.29,1016.01,1004.17,1006.8,839574.0,1.0,-0.00044679642,0.0117908595,-0.060236994,0.88500416,False
2024-11-06,CAC40,1006.08,1008.52,1001.74,1010.53,425437.0,1.0,0.0037049055,0.0067682527,-0.055250205,-0.2784531,False
2024-11-07,CAC40,1007.28,1012.88,1003.99,1003.27,868184.0,1.0,-0.0071843863,0.008854684,-0.0683298,0.2048565,False
2024-11-08,CAC40,1006.01,1006.71,1004.49,1007.66,256877.0,1.0,0.004375696,0.0022101083,-0.054444492,-1.3343204,False
2024-11-11,CAC40,1005.41,1014.26,998.68,1005.31,584895.0,3.0,-0.0023320913,0.01560061,-0.062501505,1.7675104,False
2024-11-12,CAC40,1001.6,1003.21,997.5,1003.23,636162.0,1.0,-0.002069056,0.0057243328,-0.06218556,-0.52027106,False
2024-11-13,CAC40,1004.22,1004.96,1001.84,1005.1,848425.0,1.0,0.0018639565,0.0031142647,-0.05746145,-1.124878,False
2024-11-14,CAC40,1003.67,1006.0,999.3,1004.02,972834.0,1.0,-0.0010744929,0.006704706,-0.06099095,-0.2931734,False
2024-11-15,CAC40,1008.31,1016.28,1006.99,1004.93,900511.0,1.0,0.0009063482,0.009225553,-0.058611676,0.290766,False
2024-11-18,CAC40,1002.77,1005.34,1001.8,1004.04,543066.0,3.0,-0.0008856654,0.0035336786,-0.060764138,-1.0277232,False
2024-11-19,CAC40,1009.1,1011.76,1004.84,1008.07,434923.0,1.0,0.004013777,0.0068866513,-0.054879207,-0.25102678,False
2024-11-20,CAC40,1006.1,1011.95,1005.41,1007.9,719696.0,1.0,-0.00016862154,0.006504848,-0.059902865,-0.33946925,False
2024-11-21,CAC40,1003.54,1017.9,1001.59,1003.59,744894.0,1.0,-0.004276216,0.016284106,-0.06483667,1.9258384,False
2024-11-22,CAC40,1005.4,1005.54,1004.88,1003.73,220062.0,1.0,0.00013947487,0.0006567681,-0.0595328,-1.6941426,False
2024-11-25,CAC40,1006.26,1015.13,1004.94,1006.5,112100.0,3.0,0.002759695,0.010139911,-0.05638554,0.50257176,False
2024-11-26,CAC40,1006.72,1015.02,1003.8,1004.27,419165.0,1.0,-0.0022155643,0.0111775575,-0.06236154,0.7429364,False
2024-11-27,CAC40,1006.72,1009.01,994.53,1005.55,775160.0,1.0,0.0012744665,0.014559621,-0.05816951,1.5263715,False
2024-11-28,CAC40,1003.65,1006.67,1002.98,1007.28,490270.0,1.0,0.0017205477,0.003679039,-0.057633705,-0.99405134,False
2024-11-29,CAC40,1003.37,1005.71,996.26,1002.5,294472.0,1.0,-0.0047454834,0.009485488,-0.06540033,0.3509784,False
2024-12-02,CAC40,1008.63,1013.62,1004.0,1004.26,978878.0,3.0,0.0017555952,0.009581668,-0.057591606,0.37325805,False
2024-12-03,CAC40,1009.71,1011.22,1004.88,1006.37,915869.0,1.0,0.0021010637,0.006309177,-0.05717665,-0.38479537,False
2024-12-04,CAC40,1005.73,1009.56,999.55,1006.55,334196.0,1.0,0.00017881393,0.010014516,-0.059485547,0.47352475,False
2024-12-05,CAC40,1005.5,1011.63,1005.05,1000.93,307609.0,1.0,-0.0055834055,0.006546955,-0.066406794,-0.3297154,False
2024-12-06,CAC40,1005.01,1005.51,1004.02,1003.55,775302.0,1.0,0.0026175976,0.0014840245,-0.05655622,-1.5025135,False
2024-12-09,CAC40,1005.51,1006.53,1002.42,1004.7,383006.0,3.0,0.0011459589,0.0041001244,-0.058323868,-0.89650935,False
2024-12-10,CAC40,1001.64,1006.03,1000.06,1006.09,373813.0,1.0,0.001383543,0.0059696734,-0.058038495,-0.46343932,False
2024-12-11,CAC40,1002.31,1006.44,999.23,1001.84,809132.0,1.0,-0.0042243004,0.007215578,-0.06477432,-0.17483282,False
2024-12-12,CAC40,999.54,1000.67,993.52,999.12,902348.0,1.0,-0.0027150512,0.0071965973,-0.0629615,-0.17922962,False
2024-12-13,CAC40,1002.84,1004.68,1002.14,1003.28,373022.0,1.0,0.004163742,0.002534554,-0.05469908,-1.2591645,False
2024-12-16,CAC40,1003.61,1008.18,1001.36,1001.04,889417.0,3.0,-0.0022327304,0.0068107448,-0.062382158,-0.2686101,False
2024-12-17,CAC40,1001.3,1005.31,1001.29,99.988,591121.0,1.0,-0.90011585,0.0040148403,-1.1408682,-0.9162649,False
2024-12-18,CAC40,1005.17,1012.64,1002.17,1000.77,304720.0,1.0,9.008902,0.0104473615,10.761279,0.5737908,True
2024-12-19,CAC40,998.66,1000.02,991.45,1000.75,665523.0,1.0,-2.002716e-05,0.008643913,-0.059724383,0.15603256,False
2024-12-20,CAC40,997.61,997.72,986.13,999.33,381075.0,1.0,-0.0014189482,0.01175298,-0.061404686,0.8762296,False
2024-12-23,CAC40,1001.74,1005.48,998.99,996.88,192876.0,3.0,-0.0024516582,0.006496552,-0.06264512,-0.34139103,False
2024-12-24,CAC40,1003.89,1016.01,997.79,1003.59,624624.0,1.0,0.0067310333,0.018260388,-0.051615395,2.3836324,False
2024-12-25,CAC40,1004.19,1008.61,1001.65,1003.37,0.0,1.0,-0.00021922588,0.0069484957,-0.05996365,-0.23670088,False
2024-12-26,CAC40,1000.0,1003.68,999.26,1002.22,407680.0,1.0,-0.0011461377,0.004423256,-0.061077002,-0.8216578,False
2024-12-27,CAC40,1003.83,1005.23,1001.56,999.39,693792.0,1.0,-0.0028237104,0.0036642666,-0.06309201,-0.9974733,False
2024-12-30,CAC40,999.92,1000.26,992.66,999.6,723502.0,3.0,0.00021004677,0.0076562334,-0.059448034,-0.072757624,False
2024-12-31,CAC40,1000.2,1002.78,998.56,1000.53,282220.0,1.0,0.0009304285,0.0042261174,-0.05858275,-0.8673238,False
2025-01-01,CAC40,1001.65,1009.46,1000.15,1001.08,213936.0,1.0,0.00054967403,0.009308601,-0.059040092,0.31000358,False
